﻿<?xml version="1.0" encoding="utf-8" ?><xml><Authentication Name="Auth2" Mode="Auth" RedirectSuccessTargetType="WebPage" RedirectSuccessURL="[@app:URL_10]" RedirectProviderFailedTargetType="HTMLPage" RedirectProviderFailedMessage="Unknown user. Contact the app administrator for assistance." RedirectNotLoggedTargetType="WebPage" RedirectNotLoggedURL="[@app:URL_4]" DisplayLayout="Right"><DataPageAuth DataSourceName="CLIENTE" DataSourceType="Table" DisplayOrder="1" HeaderRichUI="False" FooterRichUI="False" Enabled="True" AuthFailureMessage="Falha na autentica&amp;ccedil;&amp;atilde;o.&lt;br /&gt;&#xA;N&amp;atilde;o foi poss&amp;iacute;vel autenticar as informa&amp;ccedil;&amp;otilde;es que voc&amp;ecirc; forneceu.&lt;br /&gt;&#xA;Por favor, confira as informa&amp;ccedil;&amp;otilde;es e tente novamente." FailureShowLoginForm="True" SingleLogin="True" AutoFocusInFirstField="False" Type="Advanced" AutoLogin="Y" RedirectType="2:[@app:URL_4]" SessionTimeout="120" Relative="False"><Section ColumnCount="1" FieldAlignment="LeftToRight" Type="MultiColumn" DisplayOrder="1"><Field ColumnName="EMAIL" Type="Text Field" Label="E-mail" Unique="True" DisplayOrder="1" Editable="True" DataType="STRING" Required="False" LabelOrientation="Left" DefaultValue="" Size="25" MaxLength="255" MinLength="" MaskPassword="False" CaseSensitive="False" /><Field ColumnName="SENHA" Type="Text Field" Label="Senha" Unique="False" DisplayOrder="2" Editable="True" DataType="PASSWORD" Required="False" LabelOrientation="Left" DefaultValue="" Size="25" MaxLength="255" MinLength="" MaskPassword="True" CaseSensitive="True" /></Section><Mappings /></DataPageAuth><Note /></Authentication><Authentication Name="Auth3" Mode="Auth" RedirectSuccessTargetType="AppPage" RedirectProviderFailedTargetType="HTMLPage" RedirectProviderFailedMessage="Unknown user. Contact the app administrator for assistance." RedirectNotLoggedTargetType="AppPage" DisplayLayout="Right"><DataPageAuth DataSourceName="CLIENTE" DataSourceType="Table" DisplayOrder="1" PageHeader="&lt;!-- Responsive Code Begin --&gt;&#xA;&lt;style&gt;&#xA;/* Change max-width to what size you want the form to change at */&#xA;@media (max-width: 768px) {&#xA;  * {&#xA;  -webkit-box-sizing: border-box;&#xA;     -moz-box-sizing: border-box;&#xA;          box-sizing: border-box;&#xA;  }&#xA;&#xA;  #datapage-form table { width: 100% !important; margin: 0px !important; }&#xA;  #datapage-form td { display: block; }&#xA;&#xA;  #datapage-form input, &#xA;  #datapage-form select,&#xA;  #datapage-form textarea { width: 100% !important; }&#xA;&#xA;  #datapage-form input[type=radio],  #datapage-form input[type=checkbox] {&#xA;    width: auto !important;&#xA;  }&#xA;&#xA;  #datapage-form img[alt~=&quot;Calendar&quot;] {&#xA;    position: relative; left: -19px; top: 4px;&#xA;  }&#xA;&#xA;  #datapage-form img[alt~=&quot;Audio&quot;] {&#xA;    position: relative; left: -19px; top: 4px;&#xA;  }&#xA;&#xA;  #datapage-form img[alt~=&quot;Download&quot;] {&#xA;    position: relative; left: -46px; top: 4px;&#xA;  }  &#xA;&#xA;  #datapage-form input + span &gt; a {&#xA;    display: inline-block;&#xA;    width: 1px;&#xA;    overflow: visible;&#xA;    position: relative;&#xA;    left: -8px;&#xA;  }&#xA;&#xA;  #datapage-form input + a[href=&quot;#&quot;],&#xA;  #datapage-form input + a[href=&quot;#&quot;] + a {&#xA;    display: inline-block;&#xA;    width: 1px;&#xA;    overflow: visible;&#xA;    position: relative;&#xA;    left: -8px;&#xA;  }&#xA;}&#xA;&lt;/style&gt;&#xA;&lt;div id=&quot;datapage-form&quot;&gt;&#xA;&lt;!-- Responsive Code End --&gt;" PageFooter="&lt;!-- Responsive Code Begin --&gt;&#xA;&lt;/div&gt;&#xA;&lt;!-- Responsive Code End --&gt;&#xA;&lt;a href=&quot;[@app:URL_11]&quot;&gt;Esqueci a minha senha&lt;/a&gt;" HeaderRichUI="True" FooterRichUI="True" Enabled="True" AuthFailureMessage="Authentication failed. The information you have provided cannot be authenticated. Check your login information and try again." FailureShowLoginForm="True" Type="Advanced" RedirectType="2:[@app:URL_4]" SessionTimeout="120" Relative="False"><Section ColumnCount="1" FieldAlignment="LeftToRight" Type="MultiColumn" DisplayOrder="1"><Field ColumnName="EMAIL" Type="Text Field" Label="E-mail" Unique="True" DisplayOrder="1" Editable="True" DataType="STRING" Required="False" LabelOrientation="Top" DefaultValue="" Size="25" MaxLength="255" MinLength="" MaskPassword="False" CaseSensitive="False" /><Field ColumnName="SENHA" Type="Text Field" Label="Senha" Unique="False" DisplayOrder="2" Editable="True" DataType="PASSWORD" Required="False" LabelOrientation="Top" DefaultValue="" Size="25" MaxLength="255" MinLength="" MaskPassword="True" CaseSensitive="True" /></Section><Mappings /></DataPageAuth><Note /></Authentication></xml>