﻿<?xml version="1.0" encoding="utf-8" ?><xml><Application Type="WebForm" AppKey="ae0c5000a0642ed2e340415188ee" Name="Cliente" HomePageName="Cliente" Version="9.8" AllowParameters="Y" EditAdvanced="true" StyleTemplateId="" LocalizationTemplateId="0"><NewRecordPage DataSourceType="Table" DataSourceName="CLIENTE" Name="CLIENTE Web Form" PageName="CLIENTE Web Form" PageHeader="&lt;!-- Responsive Code Begin --&gt;&#xA;&lt;style&gt;&#xA;/* Change max-width to what size you want the form to change at */&#xA;@media (max-width: 768px) {&#xA;  * {&#xA;  -webkit-box-sizing: border-box;&#xA;     -moz-box-sizing: border-box;&#xA;          box-sizing: border-box;&#xA;  }&#xA;&#xA;  #datapage-form table { width: 100% !important; margin: 0px !important; }&#xA;  #datapage-form td { display: block; }&#xA;&#xA;  #datapage-form input, &#xA;  #datapage-form select,&#xA;  #datapage-form textarea { width: 100% !important; }&#xA;&#xA;  #datapage-form input[type=radio],  #datapage-form input[type=checkbox] {&#xA;    width: auto !important;&#xA;  }&#xA;&#xA;  #datapage-form img[alt~=&quot;Calendar&quot;] {&#xA;    position: relative; left: -19px; top: 4px;&#xA;  }&#xA;&#xA;  #datapage-form img[alt~=&quot;Audio&quot;] {&#xA;    position: relative; left: -19px; top: 4px;&#xA;  }&#xA;&#xA;  #datapage-form img[alt~=&quot;Download&quot;] {&#xA;    position: relative; left: -46px; top: 4px;&#xA;  }  &#xA;&#xA;  #datapage-form input + span &gt; a {&#xA;    display: inline-block;&#xA;    width: 1px;&#xA;    overflow: visible;&#xA;    position: relative;&#xA;    left: -8px;&#xA;  }&#xA;&#xA;  #datapage-form input + a[href=&quot;#&quot;],&#xA;  #datapage-form input + a[href=&quot;#&quot;] + a {&#xA;    display: inline-block;&#xA;    width: 1px;&#xA;    overflow: visible;&#xA;    position: relative;&#xA;    left: -8px;&#xA;  }&#xA;}&#xA;&lt;/style&gt;&#xA;&lt;div id=&quot;datapage-form&quot;&gt;&#xA;&lt;!-- Responsive Code End --&gt;" PageFooter="&lt;!-- Responsive Code Begin --&gt;&#xA;&lt;/div&gt;&#xA;&lt;!-- Responsive Code End --&gt;&#xA;" RichHeader="True" RichFooter="True" AutoFocusInFirstField="false" TargetType="WebPage" URL="[@app:URL_1]" AutoNumbersOnExit="true" RichMessage="True"><Section ColumnCount="1" FieldAlignment="LeftToRight" Type="MultiColumn" DisplayOrder="1"><Field ColumnName="NOME" Label="Nome" Type="Text Field" Unique="False" DisplayOrder="1" Editable="True" DataType="STRING" LabelOrientation="Left" Required="True" DefaultValue="" Size="25" MaxLength="255" MinLength="0" Confirmation="false" Calendar="False" /><Field ColumnName="EMAIL" Label="E-mail" Type="Email" Unique="True" DisplayOrder="2" Editable="True" DataType="STRING" LabelOrientation="Left" Required="True" DefaultValue="" Size="25" MaxLength="255" MinLength="0" Confirmation="true" ConfirmationLabel="Confirme o e-mail" ConfirmationPlaceHolder="" ConfirmationHint="" CurrentPasswordHint="" CurrentPasswordPlaceHolder="" Calendar="False" /><Field ColumnName="CEP" Label="CEP" Type="Text Field" Unique="False" DisplayOrder="3" Editable="True" DataType="STRING" LabelOrientation="Left" Required="False" DefaultValue="" Size="25" MaxLength="255" MinLength="0" Confirmation="false" Calendar="False" /><Field ColumnName="ENDERECO" Label="Endereço" Type="Text Field" Unique="False" DisplayOrder="4" Editable="True" DataType="STRING" LabelOrientation="Left" Required="False" DefaultValue="" Size="25" MaxLength="255" MinLength="0" Confirmation="false" Calendar="False" /><Field ColumnName="BAIRRO" Label="Bairro" Type="Text Field" Unique="False" DisplayOrder="5" Editable="True" DataType="STRING" LabelOrientation="Left" Required="False" DefaultValue="" Size="25" MaxLength="255" MinLength="0" Confirmation="false" Calendar="False" /><Field ColumnName="CIDADE" Label="Cidade" Type="Text Field" Unique="False" DisplayOrder="6" Editable="True" DataType="STRING" LabelOrientation="Left" Required="False" DefaultValue="" Size="25" MaxLength="255" MinLength="0" Confirmation="false" Calendar="False" /><Field ColumnName="UF" Label="Estado (UF)" Type="Dropdown" Unique="False" DisplayOrder="7" Editable="True" DataType="STRING" LabelOrientation="Left" Required="False"><Option Value="AC" DisplayText="AC" IsSelected="false" DisplayOrder="" /><Option Value="AL" DisplayText="AL" IsSelected="False" DisplayOrder="" /><Option Value="AM" DisplayText="AM" IsSelected="False" DisplayOrder="" /><Option Value="AP" DisplayText="AP" IsSelected="False" DisplayOrder="" /><Option Value="BA" DisplayText="BA" IsSelected="False" DisplayOrder="" /><Option Value="CE" DisplayText="CE" IsSelected="False" DisplayOrder="" /><Option Value="DF" DisplayText="DF" IsSelected="False" DisplayOrder="" /><Option Value="ES" DisplayText="ES" IsSelected="False" DisplayOrder="" /><Option Value="GO" DisplayText="GO" IsSelected="False" DisplayOrder="" /><Option Value="MA" DisplayText="MA" IsSelected="False" DisplayOrder="" /><Option Value="MG" DisplayText="MG" IsSelected="False" DisplayOrder="" /><Option Value="MS" DisplayText="MS" IsSelected="False" DisplayOrder="" /><Option Value="MT" DisplayText="MT" IsSelected="False" DisplayOrder="" /><Option Value="PA" DisplayText="PA" IsSelected="False" DisplayOrder="" /><Option Value="PB" DisplayText="PB" IsSelected="False" DisplayOrder="" /><Option Value="PE" DisplayText="PE" IsSelected="False" DisplayOrder="" /><Option Value="PI" DisplayText="PI" IsSelected="False" DisplayOrder="" /><Option Value="PR" DisplayText="PR" IsSelected="False" DisplayOrder="" /><Option Value="RJ" DisplayText="RJ" IsSelected="False" DisplayOrder="" /><Option Value="RN" DisplayText="RN" IsSelected="False" DisplayOrder="" /><Option Value="RS" DisplayText="RS" IsSelected="False" DisplayOrder="" /><Option Value="RO" DisplayText="RO" IsSelected="False" DisplayOrder="" /><Option Value="RR" DisplayText="RR" IsSelected="False" DisplayOrder="" /><Option Value="SC" DisplayText="SC" IsSelected="False" DisplayOrder="" /><Option Value="SE" DisplayText="SE" IsSelected="False" DisplayOrder="" /><Option Value="SP" DisplayText="SP" IsSelected="False" DisplayOrder="" /><Option Value="TO" DisplayText="TO" IsSelected="False" DisplayOrder="" /></Field><Field ColumnName="TELEFONE" Label="Telefone" Type="Text Field" Unique="False" DisplayOrder="8" Editable="True" DataType="STRING" LabelOrientation="Left" Required="False" DefaultValue="" Size="25" MaxLength="255" MinLength="0" Confirmation="false" Calendar="False" /><Field ColumnName="CPF_CNPJ" Label="CPF/CNPJ" Type="Text Field" Unique="True" UniqueAllowNulls="True" DisplayOrder="9" Editable="True" DataType="NUMBER" LabelOrientation="Left" Required="False" DefaultValue="" Size="11" MaxLength="15" MinLength="0" Confirmation="false" /><Field ColumnName="DATA_NASCIMENTO" Label="Data de nascimento" Type="Text Field" Unique="False" DisplayOrder="10" Editable="True" DataType="DATE/TIME" LabelOrientation="Left" Required="False" DefaultValue="" Size="25" MaxLength="255" MinLength="0" Confirmation="false" Calendar="True" /><Field ColumnName="SENHA" Label="Senha" Type="Text Field" Unique="False" DisplayOrder="11" Editable="True" DataType="PASSWORD" LabelOrientation="Left" Required="True" DefaultValue="" Size="25" MaxLength="255" MinLength="6" TypePassword="True" Confirmation="True" PasswordStrengthIndicator="True" MinRequiredStrength="Fair" ConfirmationLabel="Confirme a senha" ConfirmationPlaceHolder="" ConfirmationHint="" CurrentPasswordHint="" CurrentPasswordPlaceHolder="" Calendar="False" /></Section></NewRecordPage><Acknowledgement ColumnName="EMAIL" FromAddress="garantia70mil@viemar.com.br" ReplyToAddress="[@app:Email_1]" Subject="Garantia Viemar 70mil Km - Conta criada" Body="&lt;img alt=&quot;&quot; class=&quot;&quot; src=&quot;[@app:URL_2]&quot; style=&quot;width: 600px; height: 77px;&quot; /&gt;&lt;br /&gt;&#xA;&lt;br /&gt;&#xA;Ol&amp;aacute;, [@field:NOME]!&lt;br /&gt;&#xA;&lt;br /&gt;&#xA;&#xA;&#xA;A sua conta de usu&amp;aacute;rio da &lt;strong&gt;Garantia Viemar 70mil Km ou 2 anos&lt;/strong&gt; foi criada com sucesso!&lt;br /&gt;&#xA;&lt;br /&gt;&#xA;&#xA;&#xA;Pr&amp;oacute;ximos passos:&#xA;&lt;ol&gt;&#xA; &lt;li&gt;Efetuar login no site &lt;a href=&quot;[@app:URL_4]&quot;&gt;[@app:URL_4]&lt;/a&gt;&lt;/li&gt;&#xA; &lt;li&gt;Cadastrar o seu ve&amp;iacute;culo&lt;/li&gt;&#xA; &lt;li&gt;Cadastrar os seus produtos para ativar&amp;nbsp;a garantia de 70mil Km ou 2 anos&lt;/li&gt;&#xA;&lt;/ol&gt;&#xA;&lt;img alt=&quot;&quot; src=&quot;[@app:URL_3]&quot; style=&quot;width: 600px; height: 77px;&quot; /&gt;&#xA;&#xA;" ContentType="HTML" /><Note /></Application><Application Type="WebApp" AppKey="ae0c5000f8e41f10a4b04b7a9a60" Name="Veiculo" HomePageName="Veiculo" Version="17.2" AjaxEnabled="True" AllowParameters="Y" AllowCriteriaParameters="N" UseAsyncDeployment="True" EditAdvanced="true" StyleTemplateId="" LocalizationTemplateId="0"><StandaloneRecordsetPage DataSourceType="Table" DataSourceName="VEICULO" Name="VEICULO Search and Report_1" PageHeader="&lt;!-- Responsive Code Begin --&gt;&#xA;&lt;style&gt;&#xA;@media (max-width: 768px) { /* Change max-width to what size you want the table to change at */&#xA;&#xA;  #tabular * {&#xA;    -webkit-box-sizing: border-box;&#xA;       -moz-box-sizing: border-box;&#xA;            box-sizing: border-box;&#xA;  }&#xA;&#xA;  #tabular *:before,&#xA;  #tabular *:after {&#xA;    -webkit-box-sizing: border-box;&#xA;       -moz-box-sizing: border-box;&#xA;            box-sizing: border-box;&#xA;  }&#xA;&#xA;  #tabular table[id^=&quot;PageActionsCtnr&quot;] {&#xA;    border-spacing: 0px !important;&#xA;    border-collapse: separate !important; &#xA;    margin-bottom: 7px !important; &#xA;  }&#xA;&#xA;  #tabular table[id^=&quot;PageActionsCtnr&quot;] td {&#xA;    display: block;&#xA;    width: auto!important;&#xA;    float: left;&#xA;    text-align: left;&#xA;    padding: 1px !important;&#xA;  }&#xA;&#xA;  #tabular table[id^=&quot;PageActionsCtnr&quot;] td div {&#xA;    text-align: left !important;&#xA;  }&#xA;&#xA;  #tabular table[data-cb-name^=&quot;cbTable&quot;] {&#xA;    border: none !important;&#xA;    background: transparent !important;&#xA;    display: block;&#xA;    -webkit-box-shadow: none !important;&#xA;       -moz-box-shadow: none !important;&#xA;            box-shadow: none !important;     &#xA;  }&#xA;&#xA;  #tabular table[data-cb-name^=&quot;cbTable&quot;] tbody {&#xA;    display: block;&#xA;  }&#xA;&#xA;  #tabular table[data-cb-name^=&quot;cbTable&quot;] tr:first-child {&#xA;    display: block;&#xA;    position: absolute;&#xA;    top: -9999px;&#xA;    left: -9999px;&#xA;  }&#xA;&#xA;  #tabular table[data-cb-name^=&quot;cbTable&quot;] tr {&#xA;    display: block;&#xA;    border: 1px solid #dddddd; &#xA;    margin-bottom: 7px; &#xA;    width: 100%;&#xA;  }&#xA;&#xA;  #tabular table[data-cb-name^=&quot;cbTable&quot;] td {&#xA;    display: block;&#xA;    border: none !important;&#xA;    position: relative !important;&#xA;    padding-bottom: 5px !important;&#xA;    text-align: left !important;    &#xA;  }&#xA;&#xA;  #tabular table[data-cb-name^=&quot;cbTable&quot;] td:before {&#xA;    padding-right: 5px; &#xA;  }&#xA;&#xA;  #tabular table[data-cb-name^=&quot;cbTable&quot;] td[class^=&quot;cbResultSetActionCell&quot;] {padding-bottom: 10px !important; padding-top: 7px  !important;} &#xA;&#xA;  /* ----------------------------------------------------------&#xA;    1c. Insert Column Labels into the content attributes below (copy rows and change the td:nth-of-type numbers as needed to match table column number)&#xA;  ------------------------------------------------------------ */&#xA;&#xA;  #tabular table[data-cb-name^=&quot;cbTable&quot;] td:nth-of-type(1):before { content: &quot;Marca&quot;; font-weight: bold; }&#xA;  #tabular table[data-cb-name^=&quot;cbTable&quot;] td:nth-of-type(2):before { content: &quot;Modelo&quot;; font-weight: bold; }&#xA;  #tabular table[data-cb-name^=&quot;cbTable&quot;] td:nth-of-type(3):before { content: &quot;Ano/Modelo&quot;; font-weight: bold; }&#xA;  #tabular table[data-cb-name^=&quot;cbTable&quot;] td:nth-of-type(4):before { content: &quot;Placa&quot;; font-weight: bold; }&#xA;&#xA;&#xA;}&#xA;&#xA;&lt;/style&gt;&#xA;&lt;div id=&quot;tabular&quot;&gt;&#xA;&lt;!-- Responsive Code End --&gt;" PageFooter="&lt;!-- Responsive Code Begin --&gt;&#xA;&lt;/div&gt;&#xA;&lt;!-- Responsive Code End --&gt;&#xA;&#xA;&lt;script src=&quot;[@app:URL_5]&quot;&gt;&lt;/script&gt;&lt;script type=&quot;text/javascript&quot;&gt;&#xA;function upperCase() {&#xA;  $('[id^=InlineAddPLACA]*')[0].value = $('[id^=InlineAddPLACA]*')[0].value.toUpperCase();&#xA;}&#xA;$('[id^=InlineAddPLACA]*')[0].onkeyup = upperCase;&#xA;&lt;/script&gt;" RichHeader="True" RichFooter="True" DefaultOperator="AND" ReportHeader="" ReportFooter="" Display="Tabular" ApplyLabelsFormatting="True" ColumnSortingType="Column" RowsPerPage="25" HideNumberOfRecords="false" ColumnSorting="true" JumpToPage="True" BulkDelete="False" BulkUpdate="False" GridEdit="False" DisplayRowIndex="False" FreezeHeader="False" ApplyRandomSort="False" FreezeColumnsCount="0" DisplayColumns="1" TotalRows="" InlineAdd="top" SearchAgainLink="False"><CriteriaRoot><CriteriaGroup Type="AND"><CriteriaItem CriteriaId="1" /><CriteriaItem CriteriaId="2" /><CriteriaItem CriteriaId="3" /><CriteriaItem CriteriaId="4" /><CriteriaItem CriteriaId="6" /><CriteriaItem CriteriaId="5" /></CriteriaGroup></CriteriaRoot><DefaultCriteria ColumnName="ID_CLIENTE"><Match ComparisonType="=" Type="Value" Value="" Operator="OR" CriteriaId="1" /></DefaultCriteria><DefaultCriteria ColumnName="ID_VEICULO"><Match ComparisonType="=" Type="Value" Value="" Operator="OR" CriteriaId="2" /></DefaultCriteria><DefaultCriteria ColumnName="MARCA"><Match ComparisonType="=" Type="Value" Value="" Operator="OR" CriteriaId="3" /></DefaultCriteria><DefaultCriteria ColumnName="MODELO"><Match ComparisonType="=" Type="Value" Value="" Operator="OR" CriteriaId="4" /></DefaultCriteria><DefaultCriteria ColumnName="PLACA"><Match ComparisonType="=" Type="Value" Value="" Operator="OR" CriteriaId="6" /></DefaultCriteria><DefaultCriteria ColumnName="ANO_MODELO"><Match ComparisonType="=" Type="Value" Value="" Operator="OR" CriteriaId="5" /></DefaultCriteria><DisplayField ColumnName="MARCA" DataType="STRING" Unique="False" Hint="Ex.: Ford, Volkswagen, Fiat" Label="Marca do veículo" Type="Plain Text" SortOrder="" SortDir="" DisplayOrder="1" Editable="True"><Format Type="" /><Field ColumnName="MARCA" Type="Text Field" Unique="False" DisplayOrder="1" Editable="True" DataType="STRING" LabelOrientation="Left" Required="True" DefaultValue="" Size="25" MaxLength="255" MinLength="0" Confirmation="false" Calendar="False" /></DisplayField><DisplayField ColumnName="MODELO" DataType="STRING" Unique="False" Hint="Ex.: Gol, Palio, Civic" Label="Modelo do veículo" Type="Plain Text" SortOrder="" SortDir="" DisplayOrder="2" Editable="True"><Format Type="" /><Field ColumnName="MODELO" Type="Text Field" Unique="False" DisplayOrder="1" Editable="True" DataType="STRING" LabelOrientation="Left" Required="True" DefaultValue="" Size="25" MaxLength="255" MinLength="0" Confirmation="false" Calendar="False" /></DisplayField><DisplayField ColumnName="ANO_MODELO" DataType="STRING" Unique="False" Label="Ano/Modelo" Type="Plain Text" SortOrder="" SortDir="" DisplayOrder="3" Editable="True"><Format Type="" /><Field ColumnName="ANO_MODELO" Type="Text Field" Unique="False" DisplayOrder="1" Editable="True" DataType="STRING" LabelOrientation="Left" Required="True" DefaultValue="" Size="25" MaxLength="255" MinLength="0" Confirmation="false" Calendar="False" /></DisplayField><DisplayField ColumnName="PLACA" DataType="STRING" Unique="False" Hint="Placa de veículo. Ex.: ABC-1234" Label="Placa" Type="Plain Text" SortOrder="" SortDir="" DisplayOrder="4" Editable="True"><Format Type="" /><Field ColumnName="PLACA" Type="Text Field" Unique="False" DisplayOrder="1" Editable="True" DataType="STRING" LabelOrientation="Left" Required="True" DefaultValue="" Size="25" MaxLength="8" MinLength="7" Confirmation="false" Calendar="False" /></DisplayField><DisplayField ColumnName="ID_CLIENTE" DataType="INTEGER" Unique="False" Label="Cliente" Type="Plain Text" SortOrder="" SortDir="" DisplayOrder="5" Editable="True"><Format Type="" /><Field ColumnName="ID_CLIENTE" Type="Hidden" Unique="False" DisplayOrder="1" Editable="True" DataType="INTEGER" Required="False" LabelOrientation="Left" Authentication="ID_CLIENTE" /></DisplayField><DisplayField ColumnName="ID_VEICULO" DataType="AUTONUMBER" Unique="True" Label="" Type="Plain Text" ElementWidth="0" ElementWidthUnit="px" SortOrder="" SortDir="" DisplayOrder="6" Editable="False"><Format Type="" /></DisplayField><RecordAction ActionType="INLINE EDIT" DisplayOrder="1" Label="Edit" /><RecordAction ActionType="INLINE DELETE" DisplayOrder="2" Label="Delete" /><RowLevelSecurity Field="ID_CLIENTE" AuthenticationField="ID_CLIENTE" /></StandaloneRecordsetPage><Note /></Application><Application Type="WebApp" AppKey="ae0c500049ff2c8a72d74896bc89" Name="Produto" HomePageName="Produto" Version="19.9" AjaxEnabled="True" AllowParameters="Y" AllowCriteriaParameters="N" UseAsyncDeployment="True" EditAdvanced="true" StyleTemplateId="" LocalizationTemplateId="0"><StandaloneRecordsetPage DataSourceType="Table" DataSourceName="PRODUTO_APLICADO" Name="PRODUTO_APLICADO Search and Report_1" PageHeader="&lt;!-- Responsive Code Begin --&gt;&#xA;&lt;style&gt;&#xA;@media (max-width: 768px) { /* Change max-width to what size you want the table to change at */&#xA;&#xA;  #tabular * {&#xA;    -webkit-box-sizing: border-box;&#xA;       -moz-box-sizing: border-box;&#xA;            box-sizing: border-box;&#xA;  }&#xA;&#xA;  #tabular *:before,&#xA;  #tabular *:after {&#xA;    -webkit-box-sizing: border-box;&#xA;       -moz-box-sizing: border-box;&#xA;            box-sizing: border-box;&#xA;  }&#xA;&#xA;  #tabular table[id^=&quot;PageActionsCtnr&quot;] {&#xA;    border-spacing: 0px !important;&#xA;    border-collapse: separate !important; &#xA;    margin-bottom: 7px !important; &#xA;  }&#xA;&#xA;  #tabular table[id^=&quot;PageActionsCtnr&quot;] td {&#xA;    display: block;&#xA;    width: auto!important;&#xA;    float: left;&#xA;    text-align: left;&#xA;    padding: 1px !important;&#xA;  }&#xA;&#xA;  #tabular table[id^=&quot;PageActionsCtnr&quot;] td div {&#xA;    text-align: left !important;&#xA;  }&#xA;&#xA;  #tabular table[data-cb-name^=&quot;cbTable&quot;] {&#xA;    border: none !important;&#xA;    background: transparent !important;&#xA;    display: block;&#xA;    -webkit-box-shadow: none !important;&#xA;       -moz-box-shadow: none !important;&#xA;            box-shadow: none !important;     &#xA;  }&#xA;&#xA;  #tabular table[data-cb-name^=&quot;cbTable&quot;] tbody {&#xA;    display: block;&#xA;  }&#xA;&#xA;  #tabular table[data-cb-name^=&quot;cbTable&quot;] tr:first-child {&#xA;    display: block;&#xA;    position: absolute;&#xA;    top: -9999px;&#xA;    left: -9999px;&#xA;  }&#xA;&#xA;  #tabular table[data-cb-name^=&quot;cbTable&quot;] tr {&#xA;    display: block;&#xA;    border: 1px solid #dddddd; &#xA;    margin-bottom: 7px; &#xA;    width: 100%;&#xA;  }&#xA;&#xA;  #tabular table[data-cb-name^=&quot;cbTable&quot;] td {&#xA;    display: block;&#xA;    border: none !important;&#xA;    position: relative !important;&#xA;    padding-bottom: 5px !important;&#xA;    text-align: left !important;    &#xA;  }&#xA;&#xA;  #tabular table[data-cb-name^=&quot;cbTable&quot;] td:before {&#xA;    padding-right: 5px; &#xA;  }&#xA;&#xA;  #tabular table[data-cb-name^=&quot;cbTable&quot;] td[class^=&quot;cbResultSetActionCell&quot;] {padding-bottom: 10px !important; padding-top: 7px  !important;} &#xA;&#xA;  /* ----------------------------------------------------------&#xA;    1c. Insert Column Labels into the content attributes below (copy rows and change the td:nth-of-type numbers as needed to match table column number)&#xA;  ------------------------------------------------------------ */&#xA;&#xA;  #tabular table[data-cb-name^=&quot;cbTable&quot;] td:nth-of-type(1):before { content: &quot;Referência&quot;; font-weight: bold; }&#xA;  #tabular table[data-cb-name^=&quot;cbTable&quot;] td:nth-of-type(2):before { content: &quot;Lote&quot;; font-weight: bold; }&#xA;  #tabular table[data-cb-name^=&quot;cbTable&quot;] td:nth-of-type(3):before { content: &quot;Data&quot;; font-weight: bold; }&#xA;  #tabular table[data-cb-name^=&quot;cbTable&quot;] td:nth-of-type(4):before { content: &quot;NF&quot;; font-weight: bold; }&#xA;  #tabular table[data-cb-name^=&quot;cbTable&quot;] td:nth-of-type(5):before { content: &quot;Estabelecimento&quot;; font-weight: bold; }&#xA;  #tabular table[data-cb-name^=&quot;cbTable&quot;] td:nth-of-type(6):before { content: &quot;Km&quot;; font-weight: bold; }&#xA;  #tabular table[data-cb-name^=&quot;cbTable&quot;] td:nth-of-type(7):before { content: &quot;Data do cadastro&quot;; font-weight: bold; }&#xA;  #tabular table[data-cb-name^=&quot;cbTable&quot;] td:nth-of-type(8):before { content: &quot;Foto&quot;; font-weight: bold; }&#xA;  #tabular table[data-cb-name^=&quot;cbTable&quot;] td:nth-of-type(9):before { content: &quot;Veículo&quot;; font-weight: bold; }&#xA;&#xA;&#xA;}&#xA;&#xA;&lt;/style&gt;&#xA;&lt;div id=&quot;tabular&quot;&gt;&#xA;&lt;!-- Responsive Code End --&gt;" PageFooter="&lt;!-- Responsive Code Begin --&gt;&#xA;&lt;/div&gt;&#xA;&lt;!-- Responsive Code End --&gt;&#xA;" RichHeader="True" RichFooter="True" DefaultOperator="AND" ReportHeader="" ReportFooter="" Display="Tabular" ApplyLabelsFormatting="True" ColumnSortingType="Column" RowsPerPage="25" HideNumberOfRecords="false" ColumnSorting="true" JumpToPage="True" BulkDelete="False" BulkUpdate="False" GridEdit="False" DisplayRowIndex="False" FreezeHeader="False" ApplyRandomSort="False" FreezeColumnsCount="0" DisplayColumns="1" TotalRows="" InlineAdd="top" SearchAgainLink="False"><CriteriaRoot><CriteriaGroup Type="AND"><CriteriaItem CriteriaId="1" /><CriteriaItem CriteriaId="2" /><CriteriaItem CriteriaId="4" /><CriteriaItem CriteriaId="5" /><CriteriaItem CriteriaId="6" /><CriteriaItem CriteriaId="7" /><CriteriaItem CriteriaId="8" /><CriteriaItem CriteriaId="9" /><CriteriaItem CriteriaId="10" /><CriteriaItem CriteriaId="3" /></CriteriaGroup></CriteriaRoot><DefaultCriteria ColumnName="ID_PRODUTO"><Match ComparisonType="=" Type="Value" Value="" Operator="OR" CriteriaId="1" /></DefaultCriteria><DefaultCriteria ColumnName="REFERENCIA"><Match ComparisonType="=" Type="Value" Value="" Operator="OR" CriteriaId="2" /></DefaultCriteria><DefaultCriteria ColumnName="DATA_APLICACAO"><Match ComparisonType="=" Type="Value" Precision="Date" Value="" Operator="OR" CriteriaId="4" /></DefaultCriteria><DefaultCriteria ColumnName="NF_OFICINA"><Match ComparisonType="=" Type="Value" Value="" Operator="OR" CriteriaId="5" /></DefaultCriteria><DefaultCriteria ColumnName="NOME_OFICINA"><Match ComparisonType="=" Type="Value" Value="" Operator="OR" CriteriaId="6" /></DefaultCriteria><DefaultCriteria ColumnName="KM_APLICACAO"><Match ComparisonType="=" Type="Value" Value="" Operator="OR" CriteriaId="7" /></DefaultCriteria><DefaultCriteria ColumnName="DATA_CADASTRO"><Match ComparisonType="=" Type="Value" Precision="Date" Value="" Operator="OR" CriteriaId="8" /></DefaultCriteria><DefaultCriteria ColumnName="ID_VEICULO"><Match ComparisonType="=" Type="Value" Value="" Operator="OR" CriteriaId="9" /></DefaultCriteria><DefaultCriteria ColumnName="ID_CLIENTE"><Match ComparisonType="=" Type="Value" Value="" Operator="OR" CriteriaId="10" /></DefaultCriteria><DefaultCriteria ColumnName="LOTE"><Match ComparisonType="=" Type="Value" Value="" Operator="OR" CriteriaId="3" /></DefaultCriteria><DisplayField ColumnName="REFERENCIA" DataType="STRING" Unique="False" Hint="Referência ou código do produto. Ex.: 680022" Label="Produto" Type="Plain Text" SortOrder="" SortDir="" DisplayOrder="1" Editable="True"><Format Type="" /><Field ColumnName="REFERENCIA" Type="Dropdown" Unique="False" DisplayOrder="1" Editable="True" DataType="STRING" LabelOrientation="Left" Required="True"><LookUp DataSourceName="PRODUTO_VALIDO" DataSourceType="Table" Value="REFERENCIA" DisplayText="REFERENCIA" Distinct="true" OrderBy="ASC" SortBy="text" DisplayOrder="Bottom" /></Field></DisplayField><DisplayField ColumnName="LOTE" DataType="INTEGER" Unique="False" Hint="São 5 dígitos gravados na peça, sendo que os 2 últimos dígitos representam o ano de fabricação, podendo ser 15, 16, 17, 18 ou superior." Label="Lote" Type="Plain Text" SortOrder="" SortDir="" DisplayOrder="2" Editable="True"><Format Type="" /><Field ColumnName="LOTE" Type="Text Field" Unique="False" DisplayOrder="1" Editable="True" DataType="INTEGER" LabelOrientation="Left" Required="True" DefaultValue="" PlaceHolder="Lote de fabricação" Size="25" MaxLength="5" MinLength="5" Confirmation="false" /></DisplayField><DisplayField ColumnName="DATA_APLICACAO" DataType="DATE/TIME" Unique="False" Hint="Data de aplicação do produto no veículo" Label="Data" Type="Plain Text" SortOrder="" SortDir="" DisplayOrder="3" Editable="True"><Format Type="Shortdate" /><Field ColumnName="DATA_APLICACAO" Type="Text Field" Unique="False" DisplayOrder="1" Editable="True" DataType="DATE/TIME" LabelOrientation="Left" Required="True" DefaultValue="" PlaceHolder="Data de aplicação" Size="25" MaxLength="255" MinLength="0" Confirmation="false" Calendar="True" /></DisplayField><DisplayField ColumnName="NF_OFICINA" DataType="NUMBER" Unique="False" Hint="Número da nota fiscal emitida pelo estabelecimento comercial onde o produto foi comprado" Label="NF" Type="Plain Text" SortOrder="" SortDir="" DisplayOrder="4" Editable="True"><Format Type="" /><Field ColumnName="NF_OFICINA" Type="Text Field" Unique="False" DisplayOrder="1" Editable="True" DataType="NUMBER" LabelOrientation="Left" Required="True" DefaultValue="" PlaceHolder="Nota fiscal" Size="25" MaxLength="10" MinLength="2" Confirmation="false" /></DisplayField><DisplayField ColumnName="NOME_OFICINA" DataType="STRING" Unique="False" Hint="Nome do estabelecimento comercial onde o produto foi comprado" Label="Estab." Type="Plain Text" SortOrder="" SortDir="" DisplayOrder="5" Editable="True"><Format Type="" /><Field ColumnName="NOME_OFICINA" Type="Text Field" Unique="False" DisplayOrder="1" Editable="True" DataType="STRING" LabelOrientation="Left" Required="True" DefaultValue="" PlaceHolder="Estabelecimento" Size="25" MaxLength="255" MinLength="2" Confirmation="false" Calendar="False" /></DisplayField><DisplayField ColumnName="KM_APLICACAO" DataType="NUMBER" Unique="False" Hint="Quilometragem do veículo na aplicação do produto" Label="Km" Type="Plain Text" SortOrder="" SortDir="" DisplayOrder="6" Editable="True"><Format Type="" /><Field ColumnName="KM_APLICACAO" Type="Text Field" Unique="False" DisplayOrder="1" Editable="True" DataType="NUMBER" LabelOrientation="Left" Required="True" DefaultValue="" PlaceHolder="Km" Size="25" MaxLength="7" MinLength="1" Confirmation="false" /></DisplayField><DisplayField ColumnName="DATA_CADASTRO" DataType="TIMESTAMP" Unique="False" Label="Data cadastro" Type="Plain Text" SortOrder="" SortDir="" DisplayOrder="7" Editable="False"><Format Type="Shortdate" /></DisplayField><DisplayField ColumnName="HTML Block 1" RichUI="True" Label="&lt;img alt=&quot;Foto do produto&quot; class=&quot;&quot; src=&quot;[@app:URL_6][@field:REFERENCIA!].jpg&quot; style=&quot;margin: 1px;&quot; /&gt;" Type="HTML Block" AllowJS="False" ColumnLabel="Foto" SortOrder="" SortDir="" DisplayOrder="8" Editable="False" /><DisplayField ColumnName="ID_PRODUTO" DataType="AUTONUMBER" Unique="True" Label="" Type="Plain Text" ElementWidth="0" ElementWidthUnit="px" SortOrder="" SortDir="" DisplayOrder="9" Editable="False"><Format Type="" /></DisplayField><DisplayField ColumnName="ID_VEICULO" DataType="INTEGER" Unique="False" Label="Veículo" Type="Plain Text" SortOrder="" SortDir="" DisplayOrder="10" Editable="True"><Format Type="" /><Field ColumnName="ID_VEICULO" Type="Dropdown" Unique="False" DisplayOrder="1" Editable="True" DataType="INTEGER" LabelOrientation="Left" Required="True"><LookUp DataSourceName="VEICULO" DataSourceType="Table" Value="ID_VEICULO" DisplayText="PLACA" RLSField="ID_CLIENTE" AuthRLSField="ID_CLIENTE" Distinct="true" OrderBy="ASC" SortBy="text" DisplayOrder="Bottom" /></Field></DisplayField><DisplayField ColumnName="ID_CLIENTE" DataType="INTEGER" Unique="False" Label="Cliente" Type="Plain Text" SortOrder="" SortDir="" DisplayOrder="11" Editable="True"><Format Type="" /><Field ColumnName="ID_CLIENTE" Type="Hidden" Unique="False" DisplayOrder="1" Editable="True" DataType="INTEGER" Required="False" LabelOrientation="Left" Authentication="ID_CLIENTE" /></DisplayField><RecordAction ActionType="INLINE EDIT" DisplayOrder="1" Label="Edit" /><RecordAction ActionType="INLINE DELETE" DisplayOrder="2" Label="Delete" /><RowLevelSecurity Field="ID_CLIENTE" AuthenticationField="ID_CLIENTE" /></StandaloneRecordsetPage><NotificationCriteria FromAddress="garantia70mil@viemar.com.br" Subject="Viemar - Garantia70mil ativada" Body="&lt;img alt=&quot;&quot; src=&quot;[@app:URL_2]&quot; style=&quot;width: 600px; height: 77px;&quot; /&gt;&lt;br /&gt;&#xA;Ol&amp;aacute;,&amp;nbsp;[@authfield:NOME]!&lt;br /&gt;&#xA;&lt;br /&gt;&#xA;O seu produto&amp;nbsp;[@field:REFERENCIA] do lote&amp;nbsp;[@field:LOTE] est&amp;aacute; com a garantia de 70mil Km ou 2 anos ativada.&lt;br /&gt;&#xA;O tempo de 2 anos passa a contar a partir de&amp;nbsp;[@field:DATA_APLICACAO*], quando o produto foi aplicado no seu ve&amp;iacute;culo.&lt;br /&gt;&#xA;Se houver necessidade de acionar a garantia, os dados informados por voc&amp;ecirc; ser&amp;atilde;o validados pela f&amp;aacute;brica.&lt;br /&gt;&#xA;&lt;br /&gt;&#xA;Obrigado por escolher a Viemar.&lt;br /&gt;&#xA;&lt;br /&gt;&#xA;&lt;img alt=&quot;&quot; src=&quot;[@app:URL_3]&quot; style=&quot;width: 600px; height: 77px;&quot; /&gt;" ContentType="HTML" ReplyToAddress="[@app:Email_1]" ComparisonType="" ColumnName="" Priority="1" Value=""><ToAddress>[@authfield:EMAIL]</ToAddress><ToAddress>[@app:Email_1]</ToAddress></NotificationCriteria><Note /></Application><Application Type="PasswordRecovery" AppKey="ae0c50006a06992c25b745eba9c8" Name="Redefinir senha" HomePageName="Redefinir senha" Version="30.0" AjaxEnabled="False" EnableSemanticMarkup="False" AllowParameters="Y" UseAsyncDeployment="True" EditAdvanced="true" StyleTemplateId="" LocalizationTemplateId="0"><PasswordRecoveryPage DataSourceType="Table" DataSourceName="CLIENTE" Name="CLIENTE Password Recovery" PageHeader="&lt;!-- Responsive Code Begin --&gt;&#xA;&lt;style&gt;&#xA;/* Change max-width to what size you want the form to change at */&#xA;@media (max-width: 768px) {&#xA;  * {&#xA;  -webkit-box-sizing: border-box;&#xA;     -moz-box-sizing: border-box;&#xA;          box-sizing: border-box;&#xA;  }&#xA;&#xA;  #datapage-form table { width: 100% !important; margin: 0px !important; }&#xA;  #datapage-form td { display: block; }&#xA;&#xA;  #datapage-form input, &#xA;  #datapage-form select,&#xA;  #datapage-form textarea { width: 100% !important; }&#xA;&#xA;  #datapage-form input[type=radio],  #datapage-form input[type=checkbox] {&#xA;    width: auto !important;&#xA;  }&#xA;&#xA;  #datapage-form img[alt~=&quot;Calendar&quot;] {&#xA;    position: relative; left: -19px; top: 4px;&#xA;  }&#xA;&#xA;  #datapage-form img[alt~=&quot;Audio&quot;] {&#xA;    position: relative; left: -19px; top: 4px;&#xA;  }&#xA;&#xA;  #datapage-form img[alt~=&quot;Download&quot;] {&#xA;    position: relative; left: -46px; top: 4px;&#xA;  }  &#xA;&#xA;  #datapage-form input + span &gt; a {&#xA;    display: inline-block;&#xA;    width: 1px;&#xA;    overflow: visible;&#xA;    position: relative;&#xA;    left: -8px;&#xA;  }&#xA;&#xA;  #datapage-form input + a[href=&quot;#&quot;],&#xA;  #datapage-form input + a[href=&quot;#&quot;] + a {&#xA;    display: inline-block;&#xA;    width: 1px;&#xA;    overflow: visible;&#xA;    position: relative;&#xA;    left: -8px;&#xA;  }&#xA;}&#xA;&lt;/style&gt;&#xA;&lt;div id=&quot;datapage-form&quot;&gt;&#xA;&lt;!-- Responsive Code End --&gt;" PageFooter="&lt;!-- Responsive Code Begin --&gt;&#xA;&lt;/div&gt;&#xA;&lt;!-- Responsive Code End --&gt;&#xA;" RichHeader="True" RichFooter="True" AutoFocusInFirstField="true" DisplayPRForm="True" TargetTypeOk="HTMLPage" TargetTypeErr="HTMLPage" RichHTMLPageOk="True" RichHTMLPageErr="True" GlobalOperator="AND"><PasswordField ColumnName="SENHA" DataType="PASSWORD" Label="SENHA" Type="Plain Text" Unique="False" /><EMailField ColumnName="EMAIL" DataType="STRING" FromAddress="garantia70mil@viemar.com.br" Subject="Redefinição de senha - Garantia 70mil Km Viemar" Body="Prezado cliente,&#xA;&#xA;Recebemos a sua solicitação de redefinição de senha.&#xA;Redefina a sua senha agora clicando no link abaixo.&#xA;Este link irá expirar após 2 horas do recebimento deste e-mail.&#xA;&#xA;[@field:#PasswordResetLink]&#xA;&#xA;Obrigado,&#xA;&#xA;Garantia Viemar 70mil Km ou 2 anos" ContentType="Text" /><HTMLPageErr>A informa&amp;ccedil;&amp;atilde;o que voc&amp;ecirc; forneceu n&amp;atilde;o corresponde com os nossos registros.&lt;br /&gt;
Por favor, confira as informa&amp;ccedil;&amp;otilde;es e tente novamente ou entre em contato conosco para obter suporte pelo telefone 0800 608 0188</HTMLPageErr><HTMLPageOk>Instru&amp;ccedil;&amp;otilde;es sobre como redefinir a sua senha foram enviadas para o seu endere&amp;ccedil;o de e-mail.&lt;br /&gt;
Voc&amp;ecirc; precisar&amp;aacute; clicar no link fornecido em at&amp;eacute; 2 horas para completar a sua requisi&amp;ccedil;&amp;atilde;o.</HTMLPageOk><PasswordReset RichHeader="False" RichFooter="False" TargetType="HTMLPage" Message="&lt;img alt=&quot;&quot; class=&quot;&quot; src=&quot;[@app:URL_7]&quot; style=&quot;width: 600px; height: 77px;&quot; /&gt;&lt;br /&gt;&#xA;&lt;br /&gt;&#xA;A sua senha foi redefinida com sucesso!&lt;br /&gt;&#xA;&lt;br /&gt;&#xA;Clique abaixo para retornar &amp;agrave; tela inicial:&lt;br /&gt;&#xA;&lt;a href=&quot;[@app:URL_8]&quot; target=&quot;_top&quot;&gt;[@app:URL_8]&lt;/a&gt;&#xA;&#xA;&#xA;" RichMessage="True"><Section ColumnCount="1" FieldAlignment="LeftToRight" Type="MultiColumn" DisplayOrder="1"><Field Name="#Password" Label="Nova senha" Type="Text Field" Unique="False" DisplayOrder="1" Editable="True" DataType="PASSWORD" LabelOrientation="Left" Required="True" DefaultValue="" Size="25" MaxLength="255" MinLength="6" TypePassword="True" Confirmation="True" PasswordStrengthIndicator="True" MinRequiredStrength="Fair" ConfirmationLabel="Confirme a nova senha" ConfirmationPlaceHolder="" ConfirmationHint="" CurrentPasswordHint="" CurrentPasswordPlaceHolder="" Calendar="False" /></Section></PasswordReset><Section ColumnCount="1" FieldAlignment="LeftToRight" Type="MultiColumn" DisplayOrder="1"><Field ColumnName="EMAIL" DataType="STRING" TypePassword="False" CaseSensitive="False" DisplayOrder="1"><FieldMatch Label="E-mail" Type="Text Field" Unique="True" DisplayOrder="1" Editable="True" LabelOrientation="Left" Required="True" ComparisonType="=" MatchNull="N" Operator="" DefaultValue="" Size="25" MaxLength="255" MinLength="0" Calendar="False" /></Field></Section></PasswordRecoveryPage><Note /></Application><Application Type="WebPage" AppKey="ae0c5000ca8e117058784e29b39d" Name="Standalone Auth" HomePageName="Standalone Auth" Version="9.8" AllowParameters="Y" EditAdvanced="true" StyleTemplateId="" LocalizationTemplateId="0"><HTMLWebPage Name="Standalone Auth" PageName="Standalone Auth" RichHeader="False" RichFooter="False" RichBody="True">&lt;script&gt;
window.location.href = "[@app:URL_9]";
&lt;/script&gt;</HTMLWebPage><Note /></Application><Application Type="WebApp" AppKey="ae0c500061b879a4720c47c7954d" Name="PRODUTO_VALIDO Search and Report" HomePageName="PRODUTO_VALIDO Search and Report" Version="34.144" AjaxEnabled="False" EnableSemanticMarkup="False" AllowParameters="Y" AllowCriteriaParameters="Y" UseAsyncDeployment="True" StyleTemplateId="" LocalizationTemplateId="0"><StandaloneRecordsetPage DataSourceType="Table" DataSourceName="PRODUTO_VALIDO" Name="PRODUTO_VALIDO Search and Report" RichHeader="False" RichFooter="False" DefaultOperator="AND" ReportHeader="" ReportFooter="" Display="Tabular" DownloadFormat="CSV" ApplyDataDownloadFormatting="True" ApplyLabelsFormatting="True" ColumnSortingType="Column" RowsPerPage="10" DownloadFileName="PRODUTO_VALIDO Search and Report" UsedFields="resultset" HideNumberOfRecords="False" ColumnSorting="true" JumpToPage="True" BulkDelete="False" BulkUpdate="False" GridEdit="False" DisplayRowIndex="True" FreezeHeader="False" ApplyRandomSort="False" FreezeColumnsCount="0" DisplayColumns="1" TotalRows="" DownloadRange="All" InlineAdd="false" Distinct="False" SearchAgainLink="False"><DisplayField ColumnName="REFERENCIA" DataType="STRING" Unique="True" Label="REFERENCIA" Type="Plain Text" SortOrder="" SortDir="" DisplayOrder="1" Editable="False"><Format Type="" /></DisplayField></StandaloneRecordsetPage><Note /></Application></xml>