﻿<?xml version="1.0" encoding="utf-8" ?><xml><Localization Name="Portuguese"><Messages><!-- Common Header Error Messages --><String><ID>350</ID><Text>Valores em um ou mais campos são inválidos.</Text></String><String><ID>351</ID><Text>Nenhum registro encontrado.</Text></String><String><ID>352</ID><Text>Valores duplicados não são permitidos em um ou mais campos</Text></String><String><ID>353</ID><Text>Incapaz de completar esta ação porque foi alcançado o limite máximo de carateres.</Text></String><String><ID>354</ID><Text>Você ultrapassou o limite de caracteres em um ou mais campos. Para atualizar este registro, remova alguns caracteres e tente novamente.</Text></String><String><ID>366</ID><Text>Não é possível excluir o registro devido a uma restrição de integridade de dados.</Text></String><String><ID>369</ID><Text>Acesso negado.</Text></String><String><ID>370</ID><Text>Autorização do %p falhou.</Text></String><String><ID>371</ID><Text>Não foi possível redirecionar para o %p.</Text></String><String><ID>372</ID><Text>Sessão expirada.</Text></String><String><ID>383</ID><Text>Entrada inválida em um ou mais campos. Passe o mouse sobre o ícone do erro para saber como corrigir cada campo.</Text></String><String><ID>395</ID><Text>Tabelas dinâmicas não podem ter mais do que %n colunas.</Text></String><String><ID>397</ID><Text>Impossível carregar o ficheiro devido a um erro de sistema. Contacte a Assistência da Caspio para reportar este problema.</Text></String><String><ID>400</ID><Text>Não é possível enviar valores devido a uma restrição de dados.</Text></String><String><ID>401</ID><Text>Dados incompatíveis em um ou mais campos. Não é possível alterar valores devido a uma restrição de dados.</Text></String><!-- Common Inline Error Messages --><String><ID>355</ID><Text>Obrigatório</Text></String><String><ID>356</ID><Text>Este valor deve ser um número</Text></String><String><ID>357</ID><Text>Este valor é muito longo</Text></String><String><ID>358</ID><Text>Este valor deve ser uma data</Text></String><String><ID>359</ID><Text>Deve ser booleano.</Text></String><String><ID>360</ID><Text>Este valor deve ser um endereço de email</Text></String><String><ID>361</ID><Text>Este valor deve ser um número inteiro</Text></String><String><ID>362</ID><Text>Este valor não pode conter mais do que 64000 caracteres</Text></String><String><ID>363</ID><Text>Este valor não pode conter mais do que 255 caracteres</Text></String><String><ID>367</ID><Text>Falha na verificação de integridade de dados</Text></String><String Label="368"><ID>368</ID><Text>Invalid data</Text></String><String><ID>374</ID><Text>A palavra-passe tem de ter pelo menos 6 caracteres, incluindo pelo menos 1 número.</Text></String><String><ID>375</ID><Text>A palavra-passe tem de ter pelo menos 8 caracteres, incluindo pelo menos 1 número e ao mesmo tempo letras em minúscula e maiúscula.</Text></String><String><ID>376</ID><Text>A palavra-passe tem de ter pelo menos 12 caracteres, incluindo pelo menos 1 número, ter ao mesmo tempo letras em maiúscula e minúscula e pelo menos um carácter especial (por exemplo, #, ?, !).</Text></String><String><ID>377</ID><Text>Palavra-passe incorreta</Text></String><String><ID>378</ID><Text>Tem a certeza de que deseja apagar %n registo(s)?</Text></String><String><ID>379</ID><Text>Tem a certeza de que deseja apagar %n registo(s), incluindo os registos relacionados? Esta ação não pode ser anulada.</Text></String><String Label="380"><ID>380</ID><Text>Cannot update or delete %n of %m records because the related records require these records.</Text></String><String><ID>381</ID><Text>Não é possível atualizar este registo porque há registos relacionados na base de dados.</Text></String><String><ID>382</ID><Text>Não é possível atualizar %n de %m registos porque há registos relacionados na base de dados.</Text></String><String><ID>384</ID><Text>Não é possível apagar %n de %m registos porque há registos relacionados na base de dados.</Text></String><String><ID>385</ID><Text>Tem a certeza de que deseja apagar este registo, incluindo os registos relacionados? Esta ação não pode ser anulada.</Text></String><String><ID>389</ID><Text>Não foi possível fazer login. Ocorreu um erro de comunicação com o provedor de identidade.</Text></String><String><ID>390</ID><Text>Não foi possível gerar um valor único para um ou mais campos.</Text></String><String><ID>391</ID><Text>A assinatura digital do provedor de identidade é inválida.</Text></String><String><ID>392</ID><Text>Não foi possível fazer login devido ao provedor de ID inválido.</Text></String><String><ID>394</ID><Text>Não foi possível fazer login devido à resposta inválida do provedor de identidade.</Text></String><String><ID>396</ID><Text>Campo %cn</Text></String><String><ID>398</ID><Text>Número da fileira %rn</Text></String><String><ID>399</ID><Text>Nome do grupo %gv</Text></String><!-- Form Inline Error Messages --><String><ID>150</ID><Text>Os valores não correspondem</Text></String><String><ID>151</ID><Text>Este valor já existe</Text></String><String><ID>152</ID><Text>O arquivo deve ser menor do que %s</Text></String><String><ID>154</ID><Text>Caminho inválido. A pasta foi renomeada ou apagada.</Text></String><String><ID>155</ID><Text>Caixa de verificação deve ser selecionada</Text></String><String><ID>156</ID><Text>Este valor não pode ter menos de %s caracter(es)</Text></String><String><ID>157</ID><Text>Inválido o código de segurança CAPTCHA</Text></String><String><ID>160</ID><Text>Valor inválido</Text></String><String><ID>161</ID><Text>Valor não pode conter mais the %n caractr(es)</Text></String><!--Form Navigation bar--><String><ID>180</ID><Text>[&amp;lt;&amp;lt; Primeiro]</Text></String><String><ID>181</ID><Text>[&amp;lt;&amp;lt; Anterior]</Text></String><String><ID>182</ID><Text>[Próxima &amp;gt;&amp;gt;]</Text></String><String><ID>183</ID><Text>[Último &amp;gt;&amp;gt;]</Text></String><!-- Form Record Count Message --><String><ID>184</ID><Text>Registro %r de %t</Text></String><!-- Results Page Inline Error Messages --><String><ID>250</ID><Text>Este valor deve ser único</Text></String><!--Chart (Results Page) DataPage message--><String><ID>251</ID><Text>Não há dados para exibir nesta tabela.</Text></String><String><ID>252</ID><Text>JavaScript deve ser habilitado para visualizar esta tabela.</Text></String><!--Grouped Report (Results Page) DataPage message--><String><ID>254</ID><Text>(Cont.)</Text></String><!--Result Set page count message (JumpTo)--><String><ID>255</ID><Text>Página %r de %t</Text></String><!--Result Set Page Size Control--><String><ID>256</ID><Text>Mostrar por página</Text></String></Messages><Buttons><!-- Button Labels --><String><ID>100</ID><Text>Enviar</Text></String><String><ID>101</ID><Text>Atualizar</Text></String><String><ID>102</ID><Text>Voltar</Text></String><String><ID>103</ID><Text>Procurar</Text></String><String><ID>104</ID><Text>Entrar</Text></String><String><ID>105</ID><Text>Enviar senha</Text></String><String><ID>106</ID><Text>Redefinição de senha</Text></String><String><ID>107</ID><Text>Apagar</Text></String><String><ID>111</ID><Text>Actualizar</Text></String><String><ID>112</ID><Text>Cancelar</Text></String><String><ID>113</ID><Text>Cancelar</Text></String><String><ID>114</ID><Text>OK</Text></String><String><ID>115</ID><Text>OK</Text></String><String><ID>120</ID><Text>Clique para recarregar uma nova imagem.</Text></String><String><ID>121</ID><Text>Ouça e insira o que você ouvir.</Text></String><String><ID>122</ID><Text>Não há opções disponíveis</Text></String><String><ID>123</ID><Text>Carregando...</Text></String><String><ID>124</ID><Text>Você selecionou opções em excesso</Text></String><String><ID>125</ID><Text>Por favor verifique</Text></String><String><ID>127</ID><Text>Remueva</Text></String><String><ID>128</ID><Text>%n</Text></String><String><ID>129</ID><Text>%n caracteres in excesso</Text></String><String><ID>200</ID><Text>Adicionar</Text></String><String><ID>201</ID><Text>Actualizar</Text></String><String><ID>202</ID><Text>Cancelar</Text></String><String><ID>203</ID><Text>Restaurar zoom</Text></String></Buttons><ActionLinks><!-- Results Page Record Action Links --><String><ID>207</ID><Text>Apagar</Text></String><String><ID>208</ID><Text>Editar</Text></String><String><ID>209</ID><Text>Edição de Grelha</Text></String><String><ID>206</ID><Text>Sair de Edição de Grelha</Text></String><String><ID>210</ID><Text>Ver detalhes</Text></String><String><ID>211</ID><Text>Editar</Text></String><String><ID>212</ID><Text>Apagar</Text></String><String><ID>214</ID><Text>Selecionar Tudo</Text></String></ActionLinks><ResultCount><!-- ResultSet Record Count Message --><String><ID>230</ID><Text>Arquivo %r de %t</Text></String></ResultCount><Sorting><!-- Results Page Sorting Markers (if text) --><String><ID>240</ID><Text>(asc)</Text></String><String><ID>241</ID><Text>(desc)</Text></String></Sorting><PagingLinks><!-- Results Page Paging Links --><String><ID>215</ID><Text>[Primeiro]</Text></String><String><ID>216</ID><Text>[Ano Anterior]</Text></String><String><ID>217</ID><Text>[Mês Anterior]</Text></String><String><ID>218</ID><Text>[Semana Anterior]</Text></String><String><ID>219</ID><Text>[Dia anterior]</Text></String><String><ID>220</ID><Text>[&amp;lt;&amp;lt; 10 Anteriores]</Text></String><String><ID>221</ID><Text>[&amp;lt;&amp;lt; Anterior]</Text></String><String><ID>222</ID><Text>[Próxima &amp;gt;&amp;gt;]</Text></String><String><ID>223</ID><Text>[Próximas 10 &amp;gt;&amp;gt;]</Text></String><String><ID>224</ID><Text>[Próximo dia]</Text></String><String><ID>225</ID><Text>[Próxima Semana]</Text></String><String><ID>226</ID><Text>[Próximo Mês]</Text></String><String><ID>227</ID><Text>[Próximo Ano]</Text></String><String><ID>228</ID><Text>[Último]</Text></String></PagingLinks><ResultDownload><!-- Results Page Download Data Link --><String><ID>231</ID><Text>Baixando Dados</Text></String></ResultDownload><ResultMarkers><String><ID>700</ID><Text>Soma</Text></String><String><ID>701</ID><Text>Contagem</Text></String><String><ID>702</ID><Text>Contagem sem espaços</Text></String><String><ID>703</ID><Text>Média</Text></String><String><ID>704</ID><Text>Máx</Text></String><String><ID>705</ID><Text>Mín</Text></String><String><ID>706</ID><Text>DesvPad</Text></String><String><ID>707</ID><Text>StdDevp</Text></String><String><ID>708</ID><Text>Var</Text></String><String><ID>709</ID><Text>Varp</Text></String><String><ID>710</ID><Text>%f de %c</Text></String><String><ID>711</ID><Text>%v Total</Text></String><String><ID>712</ID><Text>%v %f</Text></String><String><ID>713</ID><Text>%v %f de %c</Text></String><String><ID>714</ID><Text>Valor Total</Text></String><String><ID>715</ID><Text>Total %f de %c</Text></String><String><ID>716</ID><Text>(em branco)</Text></String><String><ID>717</ID><Text>N.D</Text></String><String Label="Value Column (Custom aggregation)" Description="Used in pivot tables for labeling calculations of Values section. %c is the custom aggregation label."><ID>718</ID><Text>%c</Text></String><String Label="Subtotals (Multiple Values) (Custom aggregation)" Description="Used in pivot tables for row/column subtotals when multiple custom functions are used. %v is the field value used in the label and %c is the custom aggregation label."><ID>719</ID><Text>%v %c</Text></String><String Label="Grand Total (Multiple Values) (Custom aggregation)" Description="Used in pivot tables for row/column totals when multiple custom functions are used. %c is the custom aggregation label."><ID>720</ID><Text>Total %c</Text></String><!-- Chart Loading Tip --><String><ID>232</ID><Text>Área do Gráfico</Text></String><String Label="Download and Print Options (Charts)"><ID>730</ID><Text>Opções de Imprimir e Fazer o download</Text></String><String Label="Print (Charts)"><ID>731</ID><Text>Imprimir</Text></String><String Label="Download as PNG (Charts)"><ID>732</ID><Text>Fazer o download como PNG</Text></String><String Label="Download as JPEG (Charts)"><ID>733</ID><Text>Fazer o download como JPEG</Text></String><String Label="Download as PDF (Charts)"><ID>734</ID><Text>Fazer o download como PDF</Text></String><String Label="Download as SVG (Charts)"><ID>735</ID><Text>Fazer o download como SVG</Text></String></ResultMarkers><RequiredFieldMarker><!-- Form Required Field Marker (if text) --><String><ID>110</ID><Text>*</Text></String></RequiredFieldMarker><InputErrorMarker><!-- Common Input Error Marker --><String><ID>310</ID><Text /></String></InputErrorMarker><AuthMessagesAndTips><String><ID>500</ID><Text>Por favor, informe seu OpenID:</Text></String><String><ID>501</ID><Text>Entrar com %p</Text></String><String><ID>502</ID><Text>Faça login com sua conta do %p:</Text></String><String><ID>503</ID><Text>Clique abaixo para continuar.</Text></String><String><ID>504</ID><Text>As janelas pop-up devem ser habilitadas para poder acessar.</Text></String><String><ID>505</ID><Text>Conectando-se ao %p...</Text></String><String><ID>506</ID><Text>Por favor aguarde...</Text></String><String><ID>507</ID><Text>Entrar com:</Text></String><String><ID>508</ID><Text>Google</Text></String><String><ID>509</ID><Text>Twitter</Text></String><String><ID>510</ID><Text>Facebook</Text></String><String><ID>511</ID><Text>OpenID</Text></String><String><ID>512</ID><Text>Caspio</Text></String><String><ID>513</ID><Text>Entrar com:</Text></String><String><ID>514</ID><Text>Conecte-se com:</Text></String><String><ID>515</ID><Text>Provedor de ID</Text></String></AuthMessagesAndTips><PasswordStrengthIndicator><String><ID>601</ID><Text>Fraca</Text></String><String><ID>602</ID><Text>Suficiente</Text></String><String><ID>603</ID><Text>Boa</Text></String><String><ID>604</ID><Text>Forte</Text></String></PasswordStrengthIndicator><SystemMessages><String Label="Blocked browsers" Description="This message is shown when the user’s browser is not supported and the DataPage is prevented from loading."><ID>612</ID><Text>Desculpe, seu navegador não é compatível. Para usar este aplicativo, é necessário usar uma versão recente de um navegador convencional.</Text></String><String Label="Unsupported browsers" Description="This message is shown above the DataPage when some features are incompatible with the user’s browser."><ID>613</ID><Text>Este navegador não é totalmente compatível! Use uma versão recente de um navegador convencional.</Text></String></SystemMessages><Misc><!-- Miscellaneous messages--><String><ID>233</ID><Text>ícone de colapso</Text></String><String><ID>234</ID><Text>ícone de expansão</Text></String><String><ID>235</ID><Text>[Menos...]</Text></String><String><ID>236</ID><Text>[Mais...]</Text></String><String><ID>237</ID><Text>...</Text></String><String><ID>238</ID><Text>Procurar de novo</Text></String><String><ID>239</ID><Text>Tabela dinâmica</Text></String><String><!--Field Field Hint--><ID>605</ID><Text>ícone de sugestão</Text></String><String><!--RS Field Hint--><ID>606</ID><Text>ícone de sugestão</Text></String><String><ID>607</ID><Text>A editar em %n registos</Text></String><String><ID>608</ID><Text>Por favor, confirme</Text></String><String><ID>609</ID><Text>&lt;Valores múltiplos&gt;</Text></String><String><ID>610</ID><Text>&lt;Nenhum&gt;</Text></String><String><ID>611</ID><Text>Error</Text></String></Misc><DefaultTimezone>E. South America Standard Time</DefaultTimezone><Format Type="Number" GroupSeparator="." NegativeSign="-" NegativePattern="1" DecimalSeparator="," DecimalDigits="2" Culture="pt-BR" ValidationMethod="LC" /><Format Type="Currency" GroupSeparator="." NegativeSign="-" NegativePattern="9" DecimalSeparator="," DecimalDigits="2" PositivePattern="2" CurrencySymbol="R$" Culture="pt-BR" /><Format Type="Percent" GroupSeparator="." NegativeSign="-" NegativePattern="1" DecimalSeparator="," DecimalDigits="2" PositivePattern="1" PercentSymbol="%" Culture="pt-BR" /><Format Type="Datetime" ShortFormat="d/M/yyyy" LongFormat="dddd, d' de 'MMMM' de 'yyyy" TimeFormat="H:mm:ss" Culture="pt-BR" DateSeparator="/" TimeSeparator=":" AM="" PM="" ValidationMethod="LC" /><Format Type="Boolean" YesValue="Yes" NoValue="No" YesColor="" NoColor="" YesType="TEXT" NoType="TEXT" /><UserDefined><!-- User-defined messages 
				<String Label="1001 label">
					<ID>1001</ID>
					<Text>Mesage 1001</Text>
				</String>
				--></UserDefined><String><ID>153</ID><Text>Uma pasta com o mesmo nome já existe.</Text></String><String><ID>213</ID><Text>Você tem certeza de que quer apagar este registro?</Text></String><String><ID>464</ID><Text>Este valor não pode conter menos de %s caracteres</Text></String><String><ID>126</ID><Text>[@cbDateTimeInputMask]</Text></String><Note /></Localization></xml>